{
    "single_source_easy": 0.7028985507246377,
    "single_source_medium": 0.6885245901639344,
    "single_source_hard": 0.618421052631579,
    "multi_source_easy": 0.6625,
    "multi_source_medium": 0.5971223021582733,
    "multi_source_hard": 0.568,
    "overall": 0.6397058823529411
}