{
    "single_source_easy": 0.6014492753623188,
    "single_source_medium": 0.5081967213114754,
    "single_source_hard": 0.4868421052631579,
    "multi_source_easy": 0.525,
    "multi_source_medium": 0.45323741007194246,
    "multi_source_hard": 0.424,
    "overall": 0.5
}