{
    "single_source_easy": 0.6884057971014492,
    "single_source_medium": 0.6447368421052632,
    "single_source_hard": 0.6311475409836066,
    "multi_source_easy": 0.65,
    "multi_source_medium": 0.5683453237410072,
    "multi_source_hard": 0.552,
    "overall": 0.6191176470588236
}